Factor,Weight,Volatility Contribution (%)
MKT,0.25,29.644977118663178
SMB,0.25,23.187800575619644
HML,0.25,28.603056837088857
WML,0.25,18.564165468628328
